ID,Source_File,Line_Number,Status,Final_Table,Final_Fields,DB_Operations,RFC_Functions,PERFORM_Calls,Tainted_Variables,Description,Error_Reason
1,input/01_database_insert.abap,6,Complete,ZTABLE,CREATED_BY,INSERT,,,"SY-UNAME, LV_USER, LV_CREATOR, WA_ZTABLE-CREATED_BY, WA_ZTABLE","Operations: Assignment, Assignment, Assignment | Tables: ZTABLE | Fields: 1 affected | Variables: 5 tainted",
2,input/01_database_insert.abap,7,Complete,ZTABLE,CREATED_BY,INSERT,,,"SY-UNAME, LV_USER, LV_CREATOR, WA_ZTABLE-CREATED_BY, WA_ZTABLE","Operations: Assignment, Assignment, Assignment | Tables: ZTABLE | Fields: 1 affected | Variables: 5 tainted",
3,input/01_database_insert.abap,12,Complete,ZTABLE,CREATED_BY,INSERT,,,"SY-UNAME, LV_USER, LV_CREATOR, WA_ZTABLE-CREATED_BY, WA_ZTABLE","Operations: Assignment, Assignment, Assignment | Tables: ZTABLE | Fields: 1 affected | Variables: 5 tainted",
4,input/01_database_insert.abap,16,Complete,ZTABLE,CREATED_BY,INSERT,,,"SY-UNAME, LV_USER, LV_CREATOR, WA_ZTABLE-CREATED_BY, WA_ZTABLE","Operations: Assignment, Assignment, Assignment | Tables: ZTABLE | Fields: 1 affected | Variables: 5 tainted",
5,input/02_database_update.abap,29,Partial,,,UPDATE,,,"SY-UNAME, LV_USER, LV_UPDATER, LS_TEMP-CHANGED_BY, LS_TEMP","Operations: Assignment, Assignment, Assignment | Variables: 19 tainted",
6,input/02_database_update.abap,30,Partial,,,UPDATE,,,"SY-UNAME, LV_USER, LV_UPDATER, LS_TEMP-CHANGED_BY, LS_TEMP","Operations: Assignment, Assignment, Assignment | Variables: 19 tainted",
7,input/02_database_update.abap,31,Partial,,,UPDATE,,,"SY-UNAME, LV_USER, LV_UPDATER, LS_TEMP-CHANGED_BY, LS_TEMP","Operations: Assignment, Assignment, Assignment | Variables: 19 tainted",
8,input/02_database_update.abap,39,Partial,,,UPDATE,,,"SY-UNAME, LV_USER, LV_UPDATER, LS_TEMP-CHANGED_BY, LS_TEMP","Operations: Assignment, Assignment, Assignment | Variables: 19 tainted",
9,input/02_database_update.abap,48,Partial,,,UPDATE,,,"SY-UNAME, LV_USER, LV_UPDATER, LS_TEMP-CHANGED_BY, LS_TEMP","Operations: Assignment, Assignment, Assignment | Variables: 19 tainted",
10,input/02_database_update.abap,58,Partial,,LV_USER,UPDATE,,,"SY-UNAME, LV_USER, LV_UPDATER, LS_TEMP-CHANGED_BY, LS_TEMP","Operations: Assignment, Assignment, Assignment | Variables: 19 tainted",
11,input/02_database_update.abap,64,Complete,ZTABLE,CHANGED_BY,UPDATE,,,"SY-UNAME, LS_TEMP-CHANGED_ON, LS_TEMP, LS_TABLE, WA_ZTABLE","Operations: Assignment, Structure Field, Assignment | Variables: 17 tainted",
12,input/02_database_update.abap,86,Complete,ZTABLE,CHANGED_BY,"UPDATE, SELECT",,,"SY-UNAME, CHANGED_BY, CHANGED_ON, LV_MODIFIER, LS_TEMP-PROCESSED_DATE","Operations: Assignment, Assignment, Assignment | Variables: 17 tainted",
13,input/02_database_update.abap,97,Complete,ZTABLE,USER_FIELD,"UPDATE, SELECT",,,"SY-UNAME, LV_MODIFIER, LS_TEMP-PROCESSED_DATE, LS_TEMP, LS_TEMP-PROCESSED_BY","Operations: Assignment, Assignment, Structure Field | Variables: 16 tainted",
14,input/02_database_update.abap,106,Partial,,,"UPDATE, SELECT",,,"SY-UNAME, LV_USER, LS_TEMP-LINKED_BY, LS_TEMP, LS_INTERMEDIATE-UPDATER","Operations: Assignment, Assignment, Structure Field | Variables: 12 tainted",
15,input/02_database_update.abap,150,Complete,ZTABLE,USER_FIELD,"UPDATE, SELECT",,,"SY-UNAME, LV_USER, LS_TEMP-LINKED_BY, LS_TEMP, LS_INTERMEDIATE-UPDATER","Operations: Assignment, Assignment, Structure Field | Variables: 17 tainted",
16,input/02_database_update.abap,165,Complete,ZTABLE,CHANGED_BY,"SELECT, UPDATE",,,"SY-UNAME, LS_INTERMEDIATE-UPDATER, LS_INTERMEDIATE, LS_TABLE, GT_DATA","Operations: Assignment, Structure Field, Assignment | Variables: 15 tainted",
17,input/02_database_update.abap,205,Complete,ZTABLE,CHANGED_BY,UPDATE,,,"SY-UNAME, CHANGED_BY, ARCHIVE_DATE, ARCHIVE_USER, LV_MODIFIER","Operations: Assignment, Assignment, Assignment | Variables: 12 tainted",
18,input/02_database_update.abap,225,Complete,ZTABLE,ARCHIVE_USER,UPDATE,,,"SY-UNAME, ARCHIVE_USER, LV_MODIFIER, LS_TEMP-PROCESS_DATE, LS_TEMP","Operations: Assignment, Assignment, Assignment | Variables: 10 tainted",
19,input/02_database_update.abap,256,Complete,ZTABLE,USER_FIELD,"UPDATE, SELECT",,,"SY-UNAME, LV_MODIFIER, LS_TEMP-PROCESS_DATE, LS_TEMP, LS_TEMP-PROCESSED_BY","Operations: Assignment, Assignment, Structure Field | Variables: 9 tainted",
20,input/02_database_update.abap,262,Complete,ZTABLE,USER_FIELD,"SELECT, UPDATE",,,SY-UNAME,Variables: 1 tainted,
21,input/02_database_update.abap,289,Complete,ZTABLE,USER_FIELD,UPDATE,,,SY-UNAME,Variables: 1 tainted,
22,input/03_database_modify.abap,27,Partial,,,MODIFY,,,"SY-UNAME, LV_USER, LV_MODIFIER, LS_TEMP-CHANGED_BY, LS_TEMP","Operations: Assignment, Assignment, Assignment | Variables: 19 tainted",
23,input/03_database_modify.abap,28,Partial,,,,,,"SY-UNAME, LV_USER, LV_MODIFIER, LS_TEMP-CHANGED_BY, LS_TEMP","Operations: Assignment, Assignment, Assignment | Variables: 19 tainted",
24,input/03_database_modify.abap,29,Partial,,,,,,"SY-UNAME, LV_USER, LV_MODIFIER, LS_TEMP-CHANGED_BY, LS_TEMP","Operations: Assignment, Assignment, Assignment | Variables: 19 tainted",
25,input/03_database_modify.abap,37,Partial,,,,,,"SY-UNAME, LV_USER, LV_MODIFIER, LS_TEMP-CHANGED_BY, LS_TEMP","Operations: Assignment, Assignment, Assignment | Variables: 18 tainted",
26,input/03_database_modify.abap,47,Complete,ZTABLE,"CHANGED_BY, ACCESSED_BY, MODIFIED_BY","MODIFY, INSERT, UPDATE",,,"SY-UNAME, LV_USER, LV_MODIFIER, LS_TEMP-CHANGED_BY, LS_TEMP","Operations: Assignment, Assignment, Assignment | Tables: ZTABLE | Fields: 3 affected | Variables: 20 tainted",
27,input/03_database_modify.abap,57,Complete,ZTABLE,"CHANGED_BY, ACCESSED_BY, MODIFIED_BY","MODIFY, INSERT, UPDATE",,,"SY-UNAME, LV_USER, LV_MODIFIER, LS_TEMP-CHANGED_BY, LS_TEMP","Operations: Assignment, Assignment, Assignment | Tables: ZTABLE | Fields: 3 affected | Variables: 20 tainted",
28,input/03_database_modify.abap,63,Complete,ZTABLE,"CHANGED_BY, ACCESSED_BY, MODIFIED_BY","MODIFY, INSERT, UPDATE",,,"SY-UNAME, LS_TEMP-CHANGED_ON, LS_TEMP, LS_TABLE, WA_ZTABLE","Operations: Assignment, Structure Field, Assignment | Tables: ZTABLE | Fields: 3 affected | Variables: 20 tainted",
29,input/03_database_modify.abap,86,Complete,ZTABLE,"CHANGED_BY, ACCESSED_BY, MODIFIED_BY",MODIFY,,,"SY-UNAME, LV_PROCESSOR, LS_TEMP-CHANGED_BY, LS_TEMP, LS_TEMP-CHANGED_ON","Operations: Assignment, Assignment, Structure Field | Tables: ZTABLE | Fields: 3 affected | Variables: 19 tainted",
30,input/03_database_modify.abap,94,Complete,ZTABLE,"ACCESSED_BY, MODIFIED_BY",MODIFY,,,"SY-UNAME, LS_TEMP-CHANGED_ON, LS_TEMP, WA_ZTABLE-CHANGED_ON, WA_ZTABLE","Operations: Assignment, Structure Field, Internal Table | Tables: ZTABLE | Fields: 2 affected | Variables: 17 tainted",
31,input/03_database_modify.abap,150,Complete,ZTABLE,"ACCESSED_BY, MODIFIED_BY","MODIFY, SELECT",,,"SY-UNAME, LV_USER, LS_TEMP-LAST_ACCESS, LS_TEMP, LS_TEMP-ACCESSED_BY","Operations: Assignment, Assignment, Structure Field | Tables: ZTABLE | Fields: 2 affected | Variables: 13 tainted",
32,input/03_database_modify.abap,158,Complete,ZTABLE,PROCESSED_BY,"MODIFY, SELECT",,,"SY-UNAME, WA_ZTABLE-PROCESSED_BY, WA_ZTABLE, LT_ZTABLE, LV_MODIFIER","Operations: Assignment, Structure Field, Internal Table | Tables: ZTABLE | Fields: 1 affected | Variables: 12 tainted",
33,input/03_database_modify.abap,172,Complete,ZTABLE,PROCESSED_BY,"SELECT, MODIFY",,,"SY-UNAME, WA_ZTABLE-PROCESSED_BY, WA_ZTABLE, LT_ZTABLE, LV_MODIFIER","Operations: Assignment, Structure Field, Internal Table | Tables: ZTABLE | Fields: 1 affected | Variables: 12 tainted",
34,input/03_database_modify.abap,185,Partial,,LV_MODIFIER,MODIFY,,,"SY-UNAME, LV_MODIFIER, LS_TEMP-MODIFIED_BY, LS_TEMP, LV_USER","Operations: Assignment, Assignment, Structure Field | Variables: 13 tainted",
35,input/03_database_modify.abap,227,Complete,ZTABLE,USER_FIELD,"MODIFY, SELECT",,,"SY-UNAME, LV_USER, LS_INTERMEDIATE-MODIFIER, LS_INTERMEDIATE, LS_TABLE","Operations: Assignment, Assignment, Structure Field | Variables: 16 tainted",
36,input/03_database_modify.abap,236,Partial,,,"MODIFY, SELECT, UPDATE",,,"SY-UNAME, LS_INTERMEDIATE-MODIFIER, LS_INTERMEDIATE, LS_TABLE, LS_DATA","Operations: Assignment, Structure Field, Assignment | Variables: 15 tainted",
37,input/03_database_modify.abap,288,Partial,,LOCAL_VAR,MODIFY,,,"SY-UNAME, LS_INTERMEDIATE-MODIFIER, LS_INTERMEDIATE, LS_TABLE, LS_DATA","Operations: Assignment, Structure Field, Assignment | Variables: 15 tainted",
38,input/03_database_modify.abap,318,Complete,ZTABLE,USER_FIELD,"MODIFY, SELECT",,,"SY-UNAME, LV_PROCESSOR, LS_TEMP-START_DATE, LS_TEMP, LS_TEMP-LAST_CHECKED","Operations: Assignment, Assignment, Structure Field | Variables: 9 tainted",
39,input/03_database_modify.abap,338,Partial,,LOCAL_VAR,"SELECT, MODIFY",,,SY-UNAME,Variables: 1 tainted,
40,input/04_database_delete.abap,29,Partial,,,DELETE,,,"SY-UNAME, LV_USER, LV_DELETER, LS_TEMP-DELETED_BY, LS_TEMP","Operations: Assignment, Assignment, Assignment | Variables: 14 tainted",
41,input/04_database_delete.abap,30,Partial,,,DELETE,,,"SY-UNAME, LV_USER, LV_DELETER, LS_TEMP-DELETED_BY, LS_TEMP","Operations: Assignment, Assignment, Assignment | Variables: 14 tainted",
42,input/04_database_delete.abap,31,Partial,,,DELETE,,,"SY-UNAME, LV_USER, LV_DELETER, LS_TEMP-DELETED_BY, LS_TEMP","Operations: Assignment, Assignment, Assignment | Variables: 14 tainted",
43,input/04_database_delete.abap,41,Complete,ZTABLE,DELETED_BY,DELETE,,,"SY-UNAME, LV_USER, LV_DELETER, LS_TEMP-DELETED_BY, LS_TEMP","Operations: Assignment, Assignment, Assignment | Variables: 16 tainted",
44,input/04_database_delete.abap,72,Complete,ZTABLE,USER_FIELD,"DELETE, SELECT",,,"SY-UNAME, LV_PROCESSOR, LS_TEMP-DELETED_BY, LS_TEMP, LT_TABLE","Operations: Assignment, Assignment, Structure Field | Variables: 17 tainted",
45,input/04_database_delete.abap,81,Partial,,,"DELETE, SELECT",,,"SY-UNAME, LV_USER, LS_DATE-LOW, LS_DATE, LR_DATE","Operations: Assignment, Assignment, Structure Field | Variables: 14 tainted",
46,input/04_database_delete.abap,103,Complete,ZTABLE,USER_FIELD,"DELETE, SELECT",,,"SY-UNAME, LV_USER, LS_DATE-LOW, LS_DATE, LR_DATE","Operations: Assignment, Assignment, Structure Field | Variables: 14 tainted",
47,input/04_database_delete.abap,169,Complete,ZTABLE,USER_FIELD,"DELETE, SELECT",,,"SY-UNAME, LV_DELETER, LS_TEMP-DELETED_BY, LS_TEMP, GT_TABLE","Operations: Assignment, Assignment, Structure Field | Variables: 15 tainted",
48,input/04_database_delete.abap,203,Partial,,LOCAL_VAR,"DELETE, SELECT",,,"SY-UNAME, LS_INTERMEDIATE-MODIFIER, LS_INTERMEDIATE, LS_TABLE, LS_DATA-DELETED_BY","Operations: Assignment, Structure Field, Assignment | Variables: 14 tainted",
49,input/04_database_delete.abap,208,Complete,ZTABLE,USER_FIELD,"DELETE, SELECT",,,"SY-UNAME, LS_DATA-DELETED_BY, LS_DATA, LV_PROCESSOR, LS_TEMP-DELETED_BY","Operations: Assignment, Structure Field, Assignment | Variables: 12 tainted",
50,input/04_database_delete.abap,256,Complete,ZTABLE,USER_FIELD,"DELETE, SELECT",,,"SY-UNAME, LV_PROCESSOR, LS_TEMP-DELETED_BY, LS_TEMP, LS_TEMP-DELETION_DATE","Operations: Assignment, Assignment, Structure Field | Variables: 10 tainted",
51,input/04_database_delete.abap,263,Partial,,,"DELETE, SELECT",,,"SY-UNAME, LS_TEMP-DELETION_DATE, LS_TEMP, GT_TABLE, LV_USER","Operations: Assignment, Structure Field, Internal Table | Variables: 9 tainted",
52,input/04_database_delete.abap,313,Complete,ZTABLE,USER_FIELD,"DELETE, SELECT",,,"SY-UNAME, LV_USER, LS_TEMP-DELETED_BY, LS_TEMP, GT_TABLE","Operations: Assignment, Assignment, Structure Field | Variables: 8 tainted",
53,input/04_database_delete.abap,343,Complete,ZTABLE,USER_FIELD,"DELETE, SELECT",,,"SY-UNAME, LV_DELETER, LS_TEMP-DELETED_BY, LS_TEMP, LT_TABLE","Operations: Assignment, Assignment, Structure Field | Variables: 7 tainted",
54,input/06_move_operations.abap,81,Partial,,LV_VAR1,,,,"SY-UNAME, LV_VAR1, FIELD3","Operations: Assignment, Assignment | Variables: 3 tainted",
55,input/09_data_declarations.abap,210,Partial,,LV_TEMPLATE,SELECT,,,SY-UNAME,Variables: 1 tainted,
56,input/10_if_else.abap,162,Partial,,LOCAL_VAR,,,,SY-UNAME,Variables: 1 tainted,
57,input/11_case_when.abap,105,Partial,,LOCAL_VAR,,,,SY-UNAME,Variables: 1 tainted,
58,input/11_case_when.abap,109,Partial,,LOCAL_VAR,,,,SY-UNAME,Variables: 1 tainted,
59,input/13_try_catch.abap,118,Partial,,LOCAL_VAR,,,,SY-UNAME,Variables: 1 tainted,
60,input/34_multiline_colon.abap,162,Partial,,LOCAL_VAR,SELECT,,examples,SY-UNAME,Variables: 1 tainted,
61,input/34_multiline_colon.abap,233,Partial,,LOCAL_VAR,,,examples,SY-UNAME,Variables: 1 tainted,
62,input/business_scenario.abap,7,Partial,,LOCAL_VAR,SELECT,,,SY-UNAME,Variables: 1 tainted,
63,input/business_scenario.abap,14,Partial,,LOCAL_VAR,SELECT,,,SY-UNAME,Variables: 1 tainted,
64,input/complex_structure.abap,4,Partial,,LOCAL_VAR,SELECT,,,SY-UNAME,Variables: 1 tainted,
65,input/complex_structure.abap,10,Partial,,LOCAL_VAR,SELECT,,,SY-UNAME,Variables: 1 tainted,
66,input/long_code_find.abap,44,Partial,,LOCAL_VAR,,,,SY-UNAME,Variables: 1 tainted,
67,input/mixed_case.abap,3,Partial,,LOCAL_VAR,SELECT,,,SY-UNAME,Variables: 1 tainted,
68,input/multiline_complex.abap,3,Partial,,LOCAL_VAR,SELECT,,,SY-UNAME,Variables: 1 tainted,
69,input/simple_find.abap,3,Partial,,LOCAL_VAR,SELECT,,,SY-UNAME,Variables: 1 tainted,
70,input/simple_find.abap,6,Partial,,LOCAL_VAR,SELECT,,,SY-UNAME,Variables: 1 tainted,
71,input/test_basic.abap,3,Partial,,LOCAL_VAR,SELECT,,,SY-UNAME,Variables: 1 tainted,
72,input/test_colon_comma.abap,3,Partial,,LOCAL_VAR,SELECT,,,SY-UNAME,Variables: 1 tainted,
73,input/test_colon_comma.abap,7,Partial,,LOCAL_VAR,SELECT,,,SY-UNAME,Variables: 1 tainted,
74,input/test_complex_flow.abap,4,Complete,ZTRANSFORMED_USERS,FIELD3,SELECT,,,"SY-UNAME, LV_USER1, LV_USER2, LV_USER3, GV_GLOBAL_USER","Operations: Assignment, Assignment, Assignment | Tables: ZTRANSFORMED_USERS | Fields: 1 affected | Variables: 8 tainted",
75,input/test_complex_flow.abap,5,Complete,ZTRANSFORMED_USERS,FIELD3,SELECT,,,"SY-UNAME, LV_USER1, LV_USER2, LV_USER3, GV_GLOBAL_USER","Operations: Assignment, Assignment, Assignment | Tables: ZTRANSFORMED_USERS | Fields: 1 affected | Variables: 8 tainted",
76,input/test_complex_flow.abap,11,Complete,ZTRANSFORMED_USERS,FIELD3,SELECT,,,"SY-UNAME, LV_USER1, LV_USER2, LV_USER3, GV_GLOBAL_USER","Operations: Assignment, Assignment, Assignment | Tables: ZTRANSFORMED_USERS | Fields: 1 affected | Variables: 8 tainted",
77,input/test_complex_flow.abap,18,Complete,ZTRANSFORMED_USERS,FIELD3,SELECT,,,"SY-UNAME, LV_USER1, LV_USER2, LV_USER3, GV_GLOBAL_USER","Operations: Assignment, Assignment, Assignment | Tables: ZTRANSFORMED_USERS | Fields: 1 affected | Variables: 8 tainted",
78,input/test_complex_flow.abap,24,Complete,ZTRANSFORMED_USERS,FIELD3,"SELECT, INSERT",,,"SY-UNAME, LV_USER1, LV_USER2, LV_USER3, GV_GLOBAL_USER","Operations: Assignment, Assignment, Assignment | Tables: ZTRANSFORMED_USERS | Fields: 1 affected | Variables: 8 tainted",
79,input/test_complex_flow.abap,25,Complete,ZTRANSFORMED_USERS,FIELD3,"SELECT, INSERT",,,"SY-UNAME, LV_USER1, LV_USER2, LV_USER3, GV_GLOBAL_USER","Operations: Assignment, Assignment, Assignment | Tables: ZTRANSFORMED_USERS | Fields: 1 affected | Variables: 8 tainted",
80,input/test_complex_flow.abap,26,Complete,ZTRANSFORMED_USERS,FIELD3,"SELECT, INSERT",,,"SY-UNAME, LV_USER1, LV_USER2, LV_USER3, GV_GLOBAL_USER","Operations: Assignment, Assignment, Assignment | Tables: ZTRANSFORMED_USERS | Fields: 1 affected | Variables: 8 tainted",
81,input/test_complex_flow.abap,29,Complete,ZTRANSFORMED_USERS,FIELD3,"SELECT, INSERT",,,"SY-UNAME, LV_USER1, LV_USER2, LV_USER3, GV_GLOBAL_USER","Operations: Assignment, Assignment, Assignment | Tables: ZTRANSFORMED_USERS | Fields: 1 affected | Variables: 8 tainted",
82,input/test_complex_flow.abap,66,Complete,ZPROCESSED_USERS,FIELD6,"MODIFY, INSERT, UPDATE",,,SY-UNAME,Operations: Rfc Call | Tables: ZPROCESSED_USERS | Fields: 1 affected | Variables: 1 tainted,
83,input/test_complex_flow.abap,72,Complete,ZARCHIVE,CREATED_DATE,"MODIFY, INSERT, UPDATE",,,SY-UNAME,Operations: Rfc Call | Tables: ZARCHIVE | Fields: 1 affected | Variables: 1 tainted,
84,input/test_complex_flow.abap,79,Complete,ZPROCESSED_USERS,FIELD6,"UPDATE, SELECT",,,SY-UNAME,Operations: Rfc Call | Tables: ZPROCESSED_USERS | Fields: 1 affected | Variables: 1 tainted,
85,input/test_complex_flow.abap,80,Complete,ZPROCESSED_USERS,FIELD6,"UPDATE, SELECT",,,SY-UNAME,Operations: Rfc Call | Tables: ZPROCESSED_USERS | Fields: 1 affected | Variables: 1 tainted,
86,input/test_complex_flow.abap,96,Complete,ZPROCESSED_USERS,FIELD6,"UPDATE, SELECT, INSERT",,,SY-UNAME,Operations: Rfc Call | Tables: ZPROCESSED_USERS | Fields: 1 affected | Variables: 1 tainted,
87,input/test_complex_flow.abap,97,Complete,ZPROCESSED_USERS,FIELD6,"SELECT, UPDATE, INSERT",,,SY-UNAME,Operations: Rfc Call | Tables: ZPROCESSED_USERS | Fields: 1 affected | Variables: 1 tainted,
88,input/test_complex_flow.abap,132,Complete,ZPROCESSED_USERS,FIELD6,"INSERT, UPDATE",,,"SY-UNAME, LS_AUDIT-AUDIT_DATE, LS_AUDIT, LS_AUDIT-AUDIT_TIME, LV_ARCHIVE_PATH","Operations: Assignment, Structure Field, Assignment | Tables: ZPROCESSED_USERS | Fields: 1 affected | Variables: 6 tainted",
89,input/test_complex_flow.abap,146,Complete,ZARCHIVE,"FIELD3, FIELD7, CREATED_DATE","UPDATE, INSERT",,,"SY-UNAME, LV_ARCHIVE_PATH, ARCHIVE_DATE","Operations: Assignment, Assignment | Tables: ZARCHIVE | Fields: 3 affected | Variables: 3 tainted",
90,input/test_comprehensive_scenario.abap,3,Partial,,,SELECT,,log_user_activity,"SY-UNAME, GV_USER, GV_LOG_USER, LS_DATA-CREATED_BY, LS_DATA","Operations: Assignment, Assignment, Assignment | Variables: 6 tainted",
91,input/test_comprehensive_scenario.abap,4,Partial,,,SELECT,,log_user_activity,"SY-UNAME, GV_USER, GV_LOG_USER, LS_DATA-CREATED_BY, LS_DATA","Operations: Assignment, Assignment, Assignment | Variables: 6 tainted",
92,input/test_comprehensive_scenario.abap,5,Partial,,,SELECT,,log_user_activity,"SY-UNAME, GV_USER, GV_LOG_USER, LS_DATA-CREATED_BY, LS_DATA","Operations: Assignment, Assignment, Assignment | Variables: 6 tainted",
93,input/test_comprehensive_scenario.abap,8,Partial,,,SELECT,,log_user_activity,"SY-UNAME, GV_USER, GV_LOG_USER, LS_DATA-CREATED_BY, LS_DATA","Operations: Assignment, Assignment, Assignment | Variables: 6 tainted",
94,input/test_comprehensive_scenario.abap,18,Partial,,GV_USER,"SELECT, MODIFY",,log_user_activity,"SY-UNAME, GV_USER, GV_LOG_USER, LS_DATA-CREATED_BY, LS_DATA","Operations: Assignment, Assignment, Assignment | Variables: 6 tainted",
95,input/test_comprehensive_scenario.abap,44,Complete,ZUSER_DATA,MODIFIED_BY,MODIFY,,log_user_activity,SY-UNAME,Variables: 1 tainted,
96,input/test_cp949.abap,2,Partial,,,,,,"SY-UNAME, LV_USER",Operations: Assignment | Variables: 2 tainted,
97,input/test_cp949.abap,3,Partial,,LV_USER,,,,"SY-UNAME, LV_USER",Operations: Assignment | Variables: 2 tainted,
98,input/test_default.abap,3,Partial,,LOCAL_VAR,SELECT,,,SY-UNAME,Variables: 1 tainted,
99,input/test_default.abap,8,Partial,,LOCAL_VAR,SELECT,,,SY-UNAME,Variables: 1 tainted,
100,input/test_extended_scenarios.abap,3,Partial,,,"SELECT, UPDATE",Z_RFC_UPDATE_USER,"TYPE, process_user_data","SY-UNAME, GV_USER_RFC","Operations: Assignment, Rfc Call | RFC: Z_RFC_UPDATE_USER | Variables: 2 tainted",
101,input/test_extended_scenarios.abap,4,Partial,,LOCAL_VAR,"SELECT, UPDATE",Z_RFC_UPDATE_USER,"TYPE, process_user_data","SY-UNAME, GV_USER_RFC","Operations: Assignment, Rfc Call | RFC: Z_RFC_UPDATE_USER | Variables: 2 tainted",
102,input/test_extended_scenarios.abap,5,Partial,,,"SELECT, UPDATE",Z_RFC_UPDATE_USER,"TYPE, process_user_data","SY-UNAME, GV_USER_RFC","Operations: Assignment, Rfc Call | RFC: Z_RFC_UPDATE_USER | Variables: 2 tainted",
103,input/test_extended_scenarios.abap,10,Partial,,GV_USER_RFC,"SELECT, UPDATE, INSERT",Z_RFC_UPDATE_USER,"TYPE, process_user_data","SY-UNAME, GV_USER_RFC","Operations: Assignment, Rfc Call | RFC: Z_RFC_UPDATE_USER | Variables: 2 tainted",
104,input/test_extended_scenarios.abap,17,Partial,,GV_USER_PERFORM,"SELECT, UPDATE, INSERT",Z_RFC_UPDATE_USER,"TYPE, process_user_data","SY-UNAME, GV_USER_PERFORM, GV_USER_UNUSED","Operations: Assignment, Assignment | RFC: Z_RFC_UPDATE_USER | Variables: 3 tainted",
105,input/test_extended_scenarios.abap,22,Partial,,GV_USER_UNUSED,"SELECT, UPDATE, INSERT",Z_RFC_UPDATE_USER,"TYPE, process_user_data","SY-UNAME, GV_USER_UNUSED",Operations: Assignment | RFC: Z_RFC_UPDATE_USER | Variables: 2 tainted,
106,input/test_extended_scenarios.abap,26,Complete,ZUSER_LOG,CREATED_BY,"SELECT, UPDATE, INSERT",Z_RFC_UPDATE_USER,"TYPE, process_user_data",SY-UNAME,RFC: Z_RFC_UPDATE_USER | Variables: 1 tainted,
107,input/test_insert_values.abap,3,Complete,ZUSER_RECORDS,CREATED_BY,"INSERT, SELECT",,,"SY-UNAME, LV_CREATOR, USERNAME, TIMESTAMP, CLIENT","Operations: Assignment, Assignment, Assignment | Tables: ZUSER_RECORDS | Fields: 1 affected | Variables: 11 tainted",
108,input/test_insert_values.abap,4,Complete,ZUSER_RECORDS,CREATED_BY,"INSERT, SELECT",,,"SY-UNAME, LV_CREATOR, USERNAME, TIMESTAMP, CLIENT","Operations: Assignment, Assignment, Assignment | Tables: ZUSER_RECORDS | Fields: 1 affected | Variables: 11 tainted",
109,input/test_insert_values.abap,11,Complete,ZUSER_RECORDS,CREATED_BY,"INSERT, SELECT",,,"SY-UNAME, LV_CREATOR, USERNAME, TIMESTAMP, CLIENT","Operations: Assignment, Assignment, Assignment | Tables: ZUSER_RECORDS | Fields: 1 affected | Variables: 11 tainted",
110,input/test_insert_values.abap,14,Complete,ZUSER_RECORDS,CREATED_BY,"INSERT, SELECT, UPDATE",,,"SY-UNAME, USERNAME, TIMESTAMP, CLIENT, CREATED_BY","Operations: Assignment, Assignment, Assignment | Tables: ZUSER_RECORDS | Fields: 1 affected | Variables: 10 tainted",
111,input/test_insert_values.abap,21,Complete,ZUSER_RECORDS,CREATED_BY,"INSERT, SELECT, UPDATE",,,"SY-UNAME, CREATED_BY, CREATED_DATE, LV_MODIFIER, LS_RECORD-CREATED_BY","Operations: Assignment, Assignment, Assignment | Tables: ZUSER_RECORDS | Fields: 1 affected | Variables: 7 tainted",
112,input/test_insert_values.abap,27,Complete,ZUSER_RECORDS,CREATED_BY,"SELECT, INSERT, UPDATE",,,"SY-UNAME, LV_MODIFIER, LS_RECORD-CREATED_BY, LS_RECORD, LS_RECORD-CREATED_DATE","Operations: Assignment, Assignment, Structure Field | Tables: ZUSER_RECORDS | Fields: 1 affected | Variables: 5 tainted",
113,input/test_insert_values.abap,30,Complete,ZUSER_RECORDS,CREATED_BY,"INSERT, UPDATE, DELETE",,,"SY-UNAME, LS_RECORD-CREATED_BY, LS_RECORD, LS_RECORD-CREATED_DATE","Operations: Assignment, Structure Field, Assignment | Tables: ZUSER_RECORDS | Fields: 1 affected | Variables: 4 tainted",
114,input/test_insert_values.abap,32,Complete,ZUSER_RECORDS,CREATED_BY,"INSERT, UPDATE, DELETE",,,"SY-UNAME, LS_RECORD-CREATED_BY, LS_RECORD, LS_RECORD-CREATED_DATE","Operations: Assignment, Structure Field, Assignment | Tables: ZUSER_RECORDS | Fields: 1 affected | Variables: 4 tainted",
115,input/test_insert_values.abap,35,Complete,ZUSER_RECORDS,CREATED_BY,"INSERT, UPDATE, DELETE",,,"SY-UNAME, LS_RECORD-CREATED_BY, LS_RECORD, LS_RECORD-CREATED_DATE","Operations: Assignment, Structure Field, Assignment | Tables: ZUSER_RECORDS | Fields: 1 affected | Variables: 4 tainted",
116,input/test_insert_values.abap,42,Complete,ZUSER_LOG,"CLIENT, CREATED_BY, FIELD12","INSERT, UPDATE, DELETE",,,"SY-UNAME, CREATED_DATE","Operations: Assignment, Assignment | Tables: ZUSER_LOG | Fields: 3 affected | Variables: 2 tainted",
117,input/test_insert_values.abap,51,Complete,ZACTIONS,CREATED_BY,"UPDATE, DELETE, INSERT",,,SY-UNAME,Variables: 1 tainted,
118,input/test_mixed.abap,3,Partial,,LOCAL_VAR,SELECT,,,SY-UNAME,Variables: 1 tainted,
119,input/test_mixed.abap,7,Partial,,LOCAL_VAR,SELECT,,,SY-UNAME,Variables: 1 tainted,
120,input/test_multiline.abap,3,Partial,,LOCAL_VAR,SELECT,,,SY-UNAME,Variables: 1 tainted,
121,input/test_multiline.abap,8,Partial,,LOCAL_VAR,SELECT,,,SY-UNAME,Variables: 1 tainted,
122,input/test_multiline_scenario.abap,3,Complete,ZUSER_DATA,CHANGED_BY,UPDATE,,,"SY-UNAME, GV_USER, LAST_CHANGED_AT","Operations: Assignment, Assignment | Variables: 3 tainted",
123,input/test_multiline_scenario.abap,6,Complete,ZUSER_DATA,CHANGED_BY,UPDATE,,,"SY-UNAME, GV_USER, LAST_CHANGED_AT","Operations: Assignment, Assignment | Variables: 3 tainted",
124,input/test_multiline_update.abap,3,Partial,,,"UPDATE, SELECT",,,"SY-UNAME, LV_USERNAME, LV_CLIENT, CLIENT","Operations: Assignment, Assignment, Assignment | Variables: 4 tainted",
125,input/test_multiline_update.abap,10,Complete,ZUSERTAB,CHANGED_BY,"UPDATE, SELECT",,,"SY-UNAME, LV_USERNAME, LV_CLIENT, CLIENT","Operations: Assignment, Assignment, Assignment | Variables: 4 tainted",
126,input/test_multiline_update.abap,33,Complete,ZEMPLOYEES,APPROVER,"UPDATE, SELECT",,,"SY-UNAME, LV_USERNAME",Operations: Assignment | Variables: 2 tainted,
127,input/test_multiline_update.abap,40,Complete,ZTABLE1,USER_ID,"UPDATE, SELECT",,,"SY-UNAME, LV_USERNAME",Operations: Assignment | Variables: 2 tainted,
128,input/test_multiple_rfc.abap,3,Complete,ZASYNC_RESULTS,"CREATED_BY, FIELD9","SELECT, UPDATE",,,"SY-UNAME, GV_USER","Operations: Assignment, Rfc Call | Tables: ZASYNC_RESULTS | Fields: 2 affected | Variables: 2 tainted",
129,input/test_multiple_rfc.abap,4,Complete,ZASYNC_RESULTS,"CREATED_BY, FIELD9","SELECT, UPDATE",,,"SY-UNAME, GV_USER","Operations: Assignment, Rfc Call | Tables: ZASYNC_RESULTS | Fields: 2 affected | Variables: 2 tainted",
130,input/test_multiple_rfc.abap,5,Complete,ZASYNC_RESULTS,"CREATED_BY, FIELD9","SELECT, UPDATE",,,"SY-UNAME, GV_USER","Operations: Assignment, Rfc Call | Tables: ZASYNC_RESULTS | Fields: 2 affected | Variables: 2 tainted",
131,input/test_multiple_rfc.abap,13,Complete,ZASYNC_RESULTS,"CREATED_BY, FIELD9","SELECT, UPDATE",,,"SY-UNAME, GV_USER","Operations: Assignment, Rfc Call | Tables: ZASYNC_RESULTS | Fields: 2 affected | Variables: 2 tainted",
132,input/test_multiple_rfc.abap,21,Complete,ZASYNC_RESULTS,"CREATED_BY, FIELD9","SELECT, UPDATE",,,"SY-UNAME, GV_REMOTE_USER","Operations: Assignment, Rfc Call | Tables: ZASYNC_RESULTS | Fields: 2 affected | Variables: 2 tainted",
133,input/test_multiple_rfc.abap,36,Complete,ZASYNC_RESULTS,"CREATED_BY, FIELD9",UPDATE,,,"SY-UNAME, GS_USER_DATA-USERNAME, GS_USER_DATA, GS_USER_DATA-CLIENT, GS_USER_DATA-CREATED_DATE","Operations: Assignment, Structure Field, Assignment | Tables: ZASYNC_RESULTS | Fields: 2 affected | Variables: 6 tainted",
134,input/test_multiple_rfc.abap,48,Complete,ZASYNC_RESULTS,"CREATED_BY, FIELD9",UPDATE,,,"SY-UNAME, GV_SYNC_USER","Operations: Assignment, Rfc Call | Tables: ZASYNC_RESULTS | Fields: 2 affected | Variables: 2 tainted",
135,input/test_multiple_rfc.abap,62,Complete,ZASYNC_RESULTS,"CREATED_BY, FIELD9",UPDATE,,,"SY-UNAME, IV_USER, IV_DATE, LV_TEMP_USER","Operations: Assignment, Assignment, Assignment | Tables: ZASYNC_RESULTS | Fields: 2 affected | Variables: 4 tainted",
136,input/test_multiple_rfc.abap,68,Complete,ZASYNC_RESULTS,"CREATED_BY, FIELD9",,,,"SY-UNAME, LV_TEMP_USER","Operations: Assignment, Rfc Call | Tables: ZASYNC_RESULTS | Fields: 2 affected | Variables: 2 tainted",
137,input/test_multiple_rfc.abap,69,Complete,ZASYNC_RESULTS,"CREATED_BY, FIELD9",,,,"SY-UNAME, LV_TEMP_USER","Operations: Assignment, Rfc Call | Tables: ZASYNC_RESULTS | Fields: 2 affected | Variables: 2 tainted",
138,input/test_multiple_rfc.abap,84,Complete,ZASYNC_RESULTS,"CREATED_BY, FIELD9",,,,"SY-UNAME, LS_COMPLEX-CREATED_BY, LS_COMPLEX","Operations: Assignment, Structure Field, Rfc Call | Tables: ZASYNC_RESULTS | Fields: 2 affected | Variables: 3 tainted",
139,input/test_multiple_rfc.abap,85,Complete,ZASYNC_RESULTS,"CREATED_BY, FIELD9",,,,SY-UNAME,Operations: Rfc Call | Tables: ZASYNC_RESULTS | Fields: 2 affected | Variables: 1 tainted,
140,input/test_multiple_rfc.abap,86,Complete,ZASYNC_RESULTS,"CREATED_BY, FIELD9",,,,SY-UNAME,Operations: Rfc Call | Tables: ZASYNC_RESULTS | Fields: 2 affected | Variables: 1 tainted,
141,input/test_multiple_rfc.abap,95,Complete,ZASYNC_RESULTS,"CREATED_BY, FIELD9",INSERT,,,SY-UNAME,Operations: Rfc Call | Tables: ZASYNC_RESULTS | Fields: 2 affected | Variables: 1 tainted,
142,input/test_multiple_rfc.abap,97,Complete,ZASYNC_RESULTS,"CREATED_BY, FIELD9",INSERT,,,SY-UNAME,Operations: Rfc Call | Tables: ZASYNC_RESULTS | Fields: 2 affected | Variables: 1 tainted,
143,input/test_multiple_rfc.abap,100,Complete,ZASYNC_RESULTS,"CREATED_BY, FIELD7, FIELD9",INSERT,,,"SY-UNAME, RECEIVED_AT",Operations: Assignment | Tables: ZASYNC_RESULTS | Fields: 3 affected | Variables: 2 tainted,
144,input/test_multiple_rfc.abap,112,Complete,ZASYNC_RESULTS,"CREATED_BY, FIELD7, FIELD9",INSERT,,,"SY-UNAME, RECEIVED_AT",Operations: Assignment | Tables: ZASYNC_RESULTS | Fields: 3 affected | Variables: 2 tainted,
145,input/test_perform_using.abap,3,Complete,ZUSER_PROCESS,"FIELD4, CREATED_DATE",SELECT,,,"SY-UNAME, GV_USER, GV_ADMIN, GV_SUPERVISOR, GS_DATA-USERNAME","Operations: Assignment, Assignment, Assignment | Tables: ZUSER_PROCESS | Fields: 2 affected | Variables: 11 tainted",
146,input/test_perform_using.abap,4,Complete,ZUSER_PROCESS,"FIELD4, CREATED_DATE",SELECT,,,"SY-UNAME, GV_USER, GV_ADMIN, GV_SUPERVISOR, GS_DATA-USERNAME","Operations: Assignment, Assignment, Assignment | Tables: ZUSER_PROCESS | Fields: 2 affected | Variables: 11 tainted",
147,input/test_perform_using.abap,5,Complete,ZUSER_PROCESS,"FIELD4, CREATED_DATE","SELECT, UPDATE",,,"SY-UNAME, GV_USER, GV_ADMIN, GV_SUPERVISOR, GS_DATA-USERNAME","Operations: Assignment, Assignment, Assignment | Tables: ZUSER_PROCESS | Fields: 2 affected | Variables: 11 tainted",
148,input/test_perform_using.abap,11,Complete,ZUSER_PROCESS,"FIELD4, CREATED_DATE","SELECT, UPDATE",,,"SY-UNAME, GV_USER, GV_ADMIN, GV_SUPERVISOR, GS_DATA-USERNAME","Operations: Assignment, Assignment, Assignment | Tables: ZUSER_PROCESS | Fields: 2 affected | Variables: 11 tainted",
149,input/test_perform_using.abap,15,Complete,ZUSER_PROCESS,"FIELD4, CREATED_DATE","SELECT, UPDATE",,,"SY-UNAME, GV_ADMIN, GV_SUPERVISOR, GS_DATA-USERNAME, GS_DATA","Operations: Assignment, Assignment, Assignment | Tables: ZUSER_PROCESS | Fields: 2 affected | Variables: 11 tainted",
150,input/test_perform_using.abap,16,Complete,ZUSER_PROCESS,"FIELD4, CREATED_DATE","SELECT, UPDATE",,,"SY-UNAME, GV_SUPERVISOR, GS_DATA-USERNAME, GS_DATA, GV_USER","Operations: Assignment, Assignment, Structure Field | Tables: ZUSER_PROCESS | Fields: 2 affected | Variables: 10 tainted",
151,input/test_perform_using.abap,23,Complete,ZUSER_PROCESS,"FIELD4, CREATED_DATE","SELECT, UPDATE",,,"SY-UNAME, GS_DATA-USERNAME, GS_DATA, GV_USER, PROCESS_DATE","Operations: Assignment, Structure Field, Assignment | Tables: ZUSER_PROCESS | Fields: 2 affected | Variables: 9 tainted",
152,input/test_perform_using.abap,24,Complete,ZUSER_PROCESS,"FIELD4, CREATED_DATE","SELECT, UPDATE, INSERT",,,"SY-UNAME, GV_USER, PROCESS_DATE, PS_DATA-MODIFIED_DATE, PS_DATA","Operations: Assignment, Assignment, Assignment | Tables: ZUSER_PROCESS | Fields: 2 affected | Variables: 7 tainted",
153,input/test_perform_using.abap,28,Complete,ZUSER_PROCESS,"FIELD4, CREATED_DATE","SELECT, UPDATE, INSERT",,,"SY-UNAME, GV_USER, PROCESS_DATE, PS_DATA-MODIFIED_DATE, PS_DATA","Operations: Assignment, Assignment, Assignment | Tables: ZUSER_PROCESS | Fields: 2 affected | Variables: 7 tainted",
154,input/test_perform_using.abap,31,Complete,ZUSER_PROCESS,"FIELD4, CREATED_DATE","UPDATE, INSERT",,,"SY-UNAME, GV_USER, PROCESS_DATE, PS_DATA-MODIFIED_DATE, PS_DATA","Operations: Assignment, Assignment, Assignment | Tables: ZUSER_PROCESS | Fields: 2 affected | Variables: 7 tainted",
155,input/test_perform_using.abap,32,Complete,ZUSER_PROCESS,"FIELD4, CREATED_DATE","UPDATE, INSERT",,,"SY-UNAME, GV_USER, PROCESS_DATE, PS_DATA-MODIFIED_DATE, PS_DATA","Operations: Assignment, Assignment, Assignment | Tables: ZUSER_PROCESS | Fields: 2 affected | Variables: 7 tainted",
156,input/test_perform_using.abap,38,Complete,ZUSER_PROCESS,"FIELD4, CREATED_DATE","UPDATE, INSERT",,,"SY-UNAME, GV_USER, PROCESS_DATE, PS_DATA-MODIFIED_DATE, PS_DATA","Operations: Assignment, Assignment, Assignment | Tables: ZUSER_PROCESS | Fields: 2 affected | Variables: 7 tainted",
157,input/test_perform_using.abap,42,Complete,ZUSER_TRACE,"FIELD4, FIELD6","UPDATE, INSERT",,,"SY-UNAME, PROCESS_DATE, PS_DATA-MODIFIED_DATE, PS_DATA, ZUSER_DATA","Operations: Assignment, Assignment, Structure Field | Tables: ZUSER_TRACE | Fields: 2 affected | Variables: 6 tainted",
158,input/test_perform_using.abap,48,Complete,ZUSER_PROCESS,CREATED_DATE,"INSERT, UPDATE, MODIFY",,,"SY-UNAME, PS_DATA-MODIFIED_DATE, PS_DATA, ZUSER_DATA, TRACE_TIME","Operations: Assignment, Structure Field, Internal Table | Tables: ZUSER_PROCESS | Fields: 1 affected | Variables: 5 tainted",
159,input/test_perform_using.abap,49,Complete,ZUSER_PROCESS,CREATED_DATE,"INSERT, UPDATE, MODIFY",,,"SY-UNAME, PS_DATA-MODIFIED_DATE, PS_DATA, ZUSER_DATA, TRACE_TIME","Operations: Assignment, Structure Field, Internal Table | Tables: ZUSER_PROCESS | Fields: 1 affected | Variables: 5 tainted",
160,input/test_perform_using.abap,61,Complete,ZUSER_TRACE,"FIELD4, FIELD6","INSERT, UPDATE, MODIFY",,,"SY-UNAME, PS_DATA-MODIFIED_DATE, PS_DATA, ZUSER_DATA, TRACE_TIME","Operations: Assignment, Structure Field, Internal Table | Tables: ZUSER_TRACE | Fields: 2 affected | Variables: 5 tainted",
161,input/test_perform_using.abap,70,Complete,ZUSER_PROCESS,CREATED_DATE,"INSERT, UPDATE, MODIFY",,,"SY-UNAME, TRACE_TIME",Operations: Assignment | Tables: ZUSER_PROCESS | Fields: 1 affected | Variables: 2 tainted,
162,input/test_perform_using.abap,77,Complete,ZUSER_TRACE,"FIELD4, FIELD6","INSERT, UPDATE, MODIFY",,,"SY-UNAME, TRACE_TIME",Operations: Assignment | Tables: ZUSER_TRACE | Fields: 2 affected | Variables: 2 tainted,
163,input/test_perform_using.abap,83,Complete,ZUSER_TRACE,"FIELD4, FIELD6","MODIFY, UPDATE, INSERT",,,"SY-UNAME, TRACE_TIME",Operations: Assignment | Tables: ZUSER_TRACE | Fields: 2 affected | Variables: 2 tainted,
164,input/test_perform_using.abap,89,Complete,ZUSER_TRACE,"FIELD4, FIELD6","UPDATE, INSERT",,,"SY-UNAME, TRACE_TIME",Operations: Assignment | Tables: ZUSER_TRACE | Fields: 2 affected | Variables: 2 tainted,
165,input/test_perform_using.abap,95,Partial,ZUSER_TRACE,FIELD6,"UPDATE, INSERT",,,SY-UNAME,Tables: ZUSER_TRACE | Fields: 1 affected | Variables: 1 tainted,
166,input/test_sample.abap,10,Complete,ZTABLE,CREATED_BY,"SELECT, INSERT, UPDATE",,,"SY-UNAME, LV_USER, LS_DATA-CREATED_BY, LS_DATA, LS_DATA-CREATED_DATE","Operations: Assignment, Assignment, Structure Field | Tables: ZTABLE | Fields: 1 affected | Variables: 5 tainted",
167,input/test_sample.abap,25,Complete,ZTABLE,CHANGED_BY,"SELECT, INSERT, UPDATE",,,"SY-UNAME, LS_DATA-CHANGED_BY, LS_DATA","Operations: Assignment, Structure Field, DATABASE_UPDATE | Tables: ZTABLE | Fields: 1 affected | Variables: 3 tainted",
168,input/user_example.abap,3,Complete,ZTABLE,CHANGED_BY,UPDATE,,,"SY-UNAME, AENAM",Operations: Assignment | Variables: 2 tainted,
169,input/zabap.abap,1,Complete,ZAPA0020,CREATED_BY,INSERT,,,"SY-UNAME, ZPA0020-ERNAM, ZPA0020","Operations: Assignment, Structure Field | Variables: 3 tainted",
170,input/zpa0020_fixed.abap,5,Partial,,LOCAL_VAR,,,,"SY-UNAME, ZPA0020-ADQN, ZPA0020, ZPA0020-ERNAM","Operations: Assignment, Structure Field, Assignment | Variables: 4 tainted",
171,input/zpa0020_fixed.abap,6,Partial,,LOCAL_VAR,,,,"SY-UNAME, ZPA0020-ERNAM, ZPA0020","Operations: Assignment, Structure Field | Variables: 3 tainted",
172,input/ztest.abap,4,Partial,,GV_USER,,"Z_USER_CHECK, TR_TASK_OVERVIEW",,"SY-UNAME, GV_USER, IV_USERNAME","Operations: Assignment, Assignment, Rfc Call | RFC: Z_USER_CHECK, TR_TASK_OVERVIEW | Variables: 3 tainted",
173,input/ztest.abap,9,Partial,,IV_USERNAME,,"Z_USER_CHECK, TR_TASK_OVERVIEW",,"SY-UNAME, IV_USERNAME","Operations: Assignment, Rfc Call | RFC: Z_USER_CHECK, TR_TASK_OVERVIEW | Variables: 2 tainted",
